year,Base,Higher mortality,Lower interest,Higher benefit
0.0,0.0,0.0,0.0,0.0
0.08333333333333333,33.3986964183248,-16.703526468009333,33.377817310288066,8.349674104581197
0.16666666666666666,66.9284609050367,-33.48099000208256,66.84476091564804,16.732115226259175
0.25,100.5898078166943,-50.33271787980074,100.4010688033755,25.14745195417357
0.3333333333333333,134.38325352836966,-67.25903882741778,134.0469795962457,33.595813382092416
0.41666666666666663,168.30931644156982,-84.26028302627277,167.7827325542105,42.077329110392455
0.5,202.36851699218906,-101.3367821192309,201.6085675760998,50.592129248047264
0.5833333333333333,236.56137765849257,-118.48886921715275,235.52472520132736,59.14034441462314
0.6666666666666666,270.8884229691316,-135.71687890539238,269.5314466116015,67.72210574228289
0.75,305.35017951118965,-153.02114725032396,303.62897363263994,76.3375448777974
0.8333333333333333,339.9471759382605,-170.40201180589742,337.8175487358896,84.98679398456511
0.9166666666666666,374.67994297855824,-187.85981162022324,372.09741504025095,93.66998574463953
1.0,409.54901344305824,-205.3948872421861,406.46881631380654,102.38725336076453
1.0833333333333333,444.5549222336711,-223.00758072808796,440.9319969755547,111.13873055841773
1.1666666666666665,479.698206351448,-240.69823564832072,475.4872020971476,119.92455158786196
1.25,514.9794049048187,-258.4671970940681,510.13467740463403,128.74485122620462
1.3333333333333333,550.3990591178609,-276.3148116840373,544.8746692802065,137.59976477946518
1.4166666666666665,585.9577123386038,-294.24142757122047,579.7074247639536,146.48942808465088
1.5,621.6559100473625,-312.24739444968634,614.6331915556168,155.41397751184056
1.5833333333333333,657.4941998651059,-330.33306356140133,649.6522180163514,164.3735499662764
1.6666666666666665,693.4731315618579,-348.49878770308163,684.7647531704933,173.3682828904644
1.75,729.5932570651305,-366.74492123307493,719.9710467073294,182.39831426628254
1.8333333333333333,765.8551304683904,-385.07182007827276,755.271348982873,191.46378261709748
1.9166666666666665,802.2593080395594,-403.479841741054,790.6659110216445,200.56482700988977
2.0,838.8063482295479,-421.9693453062583,826.1549845184569,209.70158705738692
2.083333333333333,875.4968116808208,-440.5406914481906,861.7388218402041,218.87420292020514
2.1666666666666665,912.331261235999,-459.1942424376576,897.4176760276574,228.0828153089997
2.25,949.3102619464927,-477.9303621490334,933.1918007972635,237.32756548662312
2.333333333333333,986.4343810811697,-496.7494160673584,969.0614505429489,246.60859527029234
2.4166666666666665,1023.7041881350582,-515.6517712954688,1005.0268803379303,255.92604703376443
2.5,1061.1202548380818,-534.6377965611573,1041.0883459365264,265.28006370952033
2.583333333333333,1098.6831551638304,-553.7078622243658,1077.2461037759774,274.6707887909575
2.6666666666666665,1136.3934653383665,-572.8623402844107,1113.5004109782699,284.0983663345915
2.75,1174.2517638490624,-592.1016043872387,1149.8515253519631,293.5629409622655
2.833333333333333,1212.2586314534756,-611.4260298327157,1186.2997053940235,303.0646578633688
2.9166666666666665,1250.4146511882584,-630.8359935819483,1222.8452102916629,312.6036627970645
3.0,1288.7204083781005,-650.3318742646364,1259.488299924181,322.180102094525
3.083333333333333,1327.1764906447088,-669.9140521864596,1296.229234864814,331.7941226611771
3.1666666666666665,1365.7834879158218,-689.5829093364957,1333.068276382588,341.4458719789553
3.25,1404.5419924342589,-709.3388293946722,1370.0056864441751,351.1354981085646
3.333333333333333,1443.4525987670054,-729.1821977392503,1407.0417277157583,360.86314969175123
3.4166666666666665,1482.5159038143345,-749.1134014543435,1444.1766635648983,370.6289759535835
3.5,1521.7325068189623,-769.1328293374671,1481.4107580624063,380.43312670474046
3.583333333333333,1561.1030093752413,-789.2408719071235,1518.7442759842224,390.2757523438102
3.6666666666666665,1600.6280154383894,-809.4379214104198,1556.1774828132984,400.15700385959724
3.75,1640.3081313337536,-829.7243718307188,1593.7106447414847,410.0770328334383
3.833333333333333,1680.1439657661122,-850.1006188953252,1631.344028671424,420.0359914415279
3.9166666666666665,1720.1361298290121,-870.5670600832046,1669.07790221845,430.0340324572529
4.0,1760.2852370141434,-891.1240946327374,1706.912533712489,440.07130925353573
4.083333333333333,1800.5919032207496,-911.7721235495061,1744.8481921999687,450.1479758051873
4.166666666666666,1841.0567467650774,-932.5115496141184,1782.8851474457315,460.26418669126923
4.25,1881.680388389861,-953.3427773900644,1821.0236699349534,470.42009709746515
4.333333333333333,1922.4634512738432,-974.266213231607,1859.2640308750654,480.6158628184607
4.416666666666666,1963.4065610413372,-995.2822652917107,1897.6065021976842,490.8516402603342
4.5,2004.5103457718235,-1016.3913435300019,1936.051356560546,501.12758644295576
4.583333333333333,2045.7754360095826,-1037.593859720766,1974.598867349443,511.4438590023955
4.666666666666666,2087.202464773371,-1058.8902274609811,2013.2493086801703,521.8006161933426
4.75,2128.7920675661303,-1080.280862178385,2052.002955400474,532.1980168915325
4.833333333333333,2170.5448823847346,-1101.7661811395785,2090.860083092004,542.6362205961835
4.916666666666666,2212.4615497297805,-1123.3466034581668,2129.8209680722775,553.115387432445
5.0,2254.542712615411,-1145.0225501029333,2168.885887396641,563.6356781538526
5.083333333333333,2296.789016579178,-1166.7944439060523,2208.05511886024,574.1972541447944
5.166666666666666,2339.201109691949,-1188.662709571337,2247.328940999997,584.8002774229872
5.25,2381.7796425678453,-1210.6277736825245,2286.707633096591,595.4449106419612
5.333333333333333,2424.5252683742224,-1232.6900647115963,2326.191475176442,606.1313170935556
5.416666666666666,2467.4386428416933,-1254.8500130271375,2365.7807480137053,616.8596607104233
5.5,2510.5204242741843,-1277.1080509027317,2405.4757331322653,627.6301060685461
5.583333333333333,2553.7712735590335,-1299.4646125253928,2445.276712807739,638.4428183897584
5.666666666666666,2597.191854177132,-1321.9201340040354,2485.1839700694827,649.297963544283
5.75,2640.7828322130995,-1344.4750533779816,2525.197788702606,660.1957080532749
5.833333333333333,2684.5448763655018,-1367.1298106255053,2565.3184532499868,671.1362190913754
5.916666666666666,2728.478657957111,-1389.8848476724163,2605.5462490142977,682.1196644892776
6.0,2772.584850945202,-1412.7406084006798,2645.8814620600347,693.1462127363004
6.083333333333333,2816.8641319318917,-1435.6975386570748,2686.324379215548,704.2160329829728
6.166666666666666,2861.3171801745184,-1458.7560862618927,2726.8752880750862,715.3292950436295
6.25,2905.944677596063,-1481.9167010176723,2767.534477000839,726.4861693990156
6.333333333333333,2950.747308795606,-1505.1798347179724,2808.302235124988,737.6868271989014
6.416666666666666,2995.725761058835,-1528.545941156188,2849.1788523517616,748.9314402647086
6.5,3040.8807243685837,-1552.0154761344002,2890.1646193595006,760.2201810921458
6.583333333333333,3086.2128914154173,-1575.5888974722677,2931.2598276027197,771.5532228538542
6.666666666666666,3131.7229576082595,-1599.2666650159588,2972.4647693141847,782.9307394020648
6.75,3177.4116210850607,-1623.0492406471205,3013.779737506988,794.3529052712651
6.833333333333333,3223.279582723505,-1646.9370882918881,3055.2050259766324,805.8198956808761
6.916666666666666,3269.3275461517646,-1670.9306739299363,3096.740929303122,817.331886537941
7.0,3315.5562177592938,-1695.0304656035682,3138.387742853056,828.8890544398233
7.083333333333333,3361.9663067076613,-1719.2369334268446,3180.1457627817276,840.4915766769152
7.166666666666666,3408.558524941434,-1743.5505495947566,3222.0152860352327,852.1396312353584
7.25,3455.3335871990957,-1767.9717883924352,3263.9966103525803,863.8333967997739
7.333333333333333,3502.2922110240115,-1792.5011262044027,3306.0900342678083,875.5730527560029
7.416666666666666,3549.435116775436,-1817.1390415238673,3348.2958571121085,887.358779193859
7.5,3596.763027639564,-1841.8860149620557,3390.6143790159554,899.190756909891
7.583333333333333,3644.276669640621,-1866.7425292575883,3433.045900911238,911.0691674101553
7.666666666666666,3691.976771652007,-1891.709069285897,3475.5907245334015,922.9941929130017
7.75,3739.8640654074716,-1916.786122068683,3518.2491524235943,934.9660163518679
7.833333333333333,3787.939285512342,-1941.9741767834164,3561.021487930816,946.9848213780855
7.916666666666666,3836.203169454792,-1967.27372477288,3603.9080352140772,959.050792363698
8.0,3884.656457617154,-1992.6852595547539,3646.909099244562,971.1641144042885
8.083333333333332,3933.2998932872774,-2018.2092768312398,3690.0249858077946,983.3249733218194
8.166666666666666,3982.134222669933,-2043.8462744987355,3733.2560015058184,995.5335556674833
8.25,4031.160194898255,-2069.5967526575423,3776.6024537593707,1007.7900487245638
8.333333333333332,4080.378562045237,-2095.4612136216233,3820.0646508100713,1020.0946405113092
8.416666666666666,4129.790079135269,-2121.440161928403,3863.642901722618,1032.4475197838171
8.5,4179.3955041557165,-2147.534104348606,3907.3375163869773,1044.8488760389291
8.583333333333332,4229.195598068551,-2173.743549896144,3951.1488055205928,1057.2988995171377
8.666666666666666,4279.191124822025,-2200.0690098380474,3995.0770806705955,1069.7977812055062
8.75,4329.382851362386,-2226.5109977044353,4039.1226542160152,1082.3457128405964
8.833333333333332,4379.771547645644,-2253.070029298534,4083.285839370004,1094.942886911411
8.916666666666666,4430.357986649387,-2279.7466227067403,4127.566950182067,1107.5894966623468
9.0,4481.142944384634,-2306.541298308725,4171.9663015402875,1120.2857360961584
9.083333333333332,4532.127199907735,-2333.454578787586,4216.4842091735745,1133.0317999769338
9.166666666666666,4583.311535332337,-2360.4869891400444,4261.120989653904,1145.8278838330843
9.25,4634.696735841365,-2387.6390566866844,4305.876960398568,1158.6741839603412
9.333333333333332,4686.283589699075,-2414.9113110822395,4350.752439672437,1171.5708974247686
9.416666666666666,4738.072888263147,-2442.304284325927,4395.747746590219,1184.5182220657869
9.5,4790.065425996825,-2469.8185107718214,4440.863201118732,1197.5163564992063
9.583333333333332,4842.262000481096,-2497.454527139282,4486.099124079173,1210.565500120274
9.666666666666666,4894.6634124269385,-2525.212872523423,4531.4558371494095,1223.6658531067346
9.75,4947.270465687593,-2553.094088405624,4576.933662866259,1236.8176164218983
9.833333333333332,5000.083967270902,-2581.098718664098,4622.532924627782,1250.0209918177254
9.916666666666666,5053.104727351686,-2609.2273095845017,4668.253946695592,1263.2761818379215
10.0,5106.333559284173,-2637.480409870586,4714.097054197147,1276.5833898210433
10.083333333333332,5159.771279614472,-2665.8585706549043,4760.062573128072,1289.942819903618
10.166666666666666,5213.418708093108,-2694.362345509563,4806.150830354472,1303.354677023277
10.25,5267.276667687586,-2722.9922904570185,4852.362153615261,1316.8191669218966
10.333333333333332,5321.345984595023,-2751.7489639809237,4898.696871524487,1330.3364961487557
10.416666666666666,5375.6274882548205,-2780.632927037024,4945.155313573673,1343.9068720637051
10.5,5430.122011361387,-2809.6447430640974,4991.737810134158,1357.5305028403468
10.583333333333332,5484.830389876912,-2838.784977994947,5038.444692459447,1371.207597469228
10.666666666666666,5539.753463044193,-2868.054200267442,5085.276292687568,1384.9383657610483
10.75,5594.892073399506,-2897.4529808356024,5132.232943843429,1398.7230183498766
10.833333333333332,5650.24706678553,-2926.9818931807395,5179.314979841192,1412.5617666963824
10.916666666666666,5705.819292364326,-2956.6415133226433,5226.5227354866465,1426.4548230910816
11.0,5761.609602630362,-2986.432419830816,5273.8565464795865,1440.4024006575905
11.083333333333332,5817.618853423587,-3016.3551938357596,5321.316749416199,1454.4047133558968
11.166666666666666,5873.8479039425665,-3046.4104190403145,5368.903681791462,1468.4619759856416
11.25,5930.297616757657,-3076.598681731042,5416.61768200154,1482.5744041894143
11.333333333333332,5986.9688578242385,-3106.920570789661,5464.459089346189,1496.7422144560596
11.416666666666666,6043.862496496005,-3137.3766777045403,5512.428244031176,1510.9656241240014
11.5,6100.979405538293,-3167.9675965822303,5560.525487170692,1525.2448513845732
11.583333333333332,6158.320461141469,-3198.6939241590558,5608.751160789778,1539.5801152853674
11.666666666666666,6215.886542934384,-3229.556259812757,5657.105607826763,1553.971635733596
11.75,6273.67853399785,-3260.555205574179,5705.589172135695,1568.4196334994624
11.833333333333332,6331.697320878195,-3291.691366139017,5754.202198488791,1582.9243302195487
11.916666666666666,6389.943793600866,-3322.9653488796143,5802.9450325788885,1597.4859484002166
12.0,6448.418845684076,-3354.3777638568054,5851.818021021902,1612.104711421019
12.083333333333332,6507.123374152511,-3385.9292238318194,5900.821511359287,1626.7808435381278
12.166666666666666,6566.0582795511,-3417.6203442782353,5949.955852060517,1641.514569887775
12.25,6625.224465958817,-3449.451743393983,5999.221392525554,1656.3061164897042
12.333333333333332,6684.622841002554,-3481.4240421134064,6048.618483087336,1671.1557102506385
12.416666666666666,6744.254315871052,-3513.5378641193743,6098.147475014274,1686.063578967763
12.5,6804.119805328869,-3545.7938358554466,6147.80872051274,1701.0299513322173
12.583333333333332,6864.220227730413,-3578.192586538094,6197.602572729577,1716.0550569326033
12.666666666666666,6924.556505034041,-3610.7347481689753,6247.529385754613,1731.1391262585103
12.75,6985.129562816189,-3643.4209555472603,6297.589514623171,1746.2823907040472
12.833333333333332,7045.940330285574,-3676.2518462820162,6347.783315318601,1761.4850825713936
12.916666666666666,7106.989740297458,-3709.228060804647,6398.11114477481,1776.7474350743646
13.0,7168.278729367944,-3742.350242381383,6448.573360878795,1792.069682341986
13.083333333333332,7229.808237688349,-3775.619037125829,6499.170322473195,1807.4520594220874
13.166666666666666,7291.579209139632,-3809.0350940115727,6549.902389358839,1822.894802284908
13.25,7353.592591306864,-3842.599064884838,6600.769922297307,1838.398147826716
13.333333333333332,7415.849335493767,-3876.311604477203,6651.773283013489,1853.9623338734418
13.416666666666666,7478.350396737315,-3910.1733704183766,6702.912834198168,1869.5875991843288
13.5,7541.096733822373,-3944.185023249018,6754.188939510588,1885.2741834555932
13.583333333333332,7604.08930929641,-3978.3472264336265,6805.601963581048,1901.0223273241024
13.666666666666666,7667.329089484269,-4012.6606463734875,6857.152272013492,1916.8322723710673
13.75,7730.817044502986,-4047.1259524196644,6908.840231388108,1932.7042611257466
13.833333333333332,7794.5541482766685,-4081.74381688606,6960.666209263934,1948.6385370691671
13.916666666666666,7858.541378551446,-4116.514915062532,7012.6305741814795,1964.6353446378614
14.0,7922.779716910458,-4151.439925228063,7064.7336956653335,1980.6949292276145
14.083333333333332,7987.270148788918,-4186.519528663992,7116.975944226801,1996.8175371972295
14.166666666666666,8052.013663489233,-4221.754409667309,7169.357691366539,2013.0034158723083
14.25,8117.011254196171,-4257.145255563996,7221.879309577191,2029.2528135490427
14.333333333333332,8182.2639179921,-4292.69275672244,7274.541172346039,2045.565979498025
14.416666666666666,8247.772655872292,-4328.3976065669,7327.343654157667,2061.943163968073
14.5,8313.538472760265,-4364.26050159103,7380.287130496609,2078.3846181900662
14.583333333333332,8379.562377523209,-4400.282141371466,7433.371977850032,2094.890594380802
14.666666666666666,8445.845382987458,-4436.46322858148,7486.598573710407,2111.4613457468645
14.75,8512.388505954028,-4472.804469004674,7539.967296578197,2128.097126488507
14.833333333333332,8579.192767214212,-4509.306571548758,7593.478525964543,2144.798191803553
14.916666666666666,8646.259191565248,-4545.970248259379,7647.132642393971,2161.564797891312
15.0,8713.588807826029,-4582.796214334004,7700.930027407088,2178.397201956507
15.083333333333332,8781.18264885289,-4619.785188135872,7754.871063563304,2195.2956622132224
15.166666666666666,8849.041751555456,-4656.937891208016,7808.956134443549,2212.2604378888636
15.25,8917.167156912543,-4694.255048287328,7863.185624652998,2229.2917892281353
15.333333333333332,8985.559909988126,-4731.7373873187,7917.55991982381,2246.389977497031
15.416666666666666,9054.221059947378,-4769.3856394692275,7972.079406617869,2263.555264986844
15.5,9123.15166007276,-4807.200539142467,8026.744472729533,2280.7879150181893
15.583333333333332,9192.352767780172,-4845.182823992764,8081.555506888391,2298.0881919450426
15.666666666666666,9261.825444635193,-4883.333234939643,8136.51289886203,2315.456361158798
15.75,9331.570756369343,-4921.652516182263,8191.6170394588,2332.8926890923353
15.833333333333332,9401.589772896443,-4960.141415213926,8246.868320530599,2350.3974432241102
15.916666666666666,9471.883568329033,-4998.800682836671,8302.26713497566,2367.9708920822577
16.0,9542.453220994837,-5037.631073175908,8357.813876741342,2385.613305248709
16.083333333333332,9613.299813453315,-5076.6333436951345,8413.50894082693,2403.3249533633284
16.166666666666664,9684.424432512264,-5115.808255210713,8469.352723286449,2421.1061081280654
16.25,9755.828169244493,-5155.156571906708,8525.345621231478,2438.9570423111227
16.333333333333332,9827.512119004554,-5194.679061349795,8581.488032833968,2456.878029751138
16.416666666666664,9899.477381445557,-5234.376494504232,8637.780357329084,2474.8693453613887
16.5,9971.725060536033,-5274.249645746904,8694.222995018039,2492.931265134008
16.583333333333332,10044.25626457686,-5314.299292882418,8750.816347270935,2511.0640661442144
16.666666666666664,10117.072106218277,-5354.526217158286,8807.560816529629,2529.2680265545687
16.75,10190.173702476955,-5394.9312032801645,8864.456806310589,2547.5434256192384
16.833333333333332,10263.562174753115,-5435.5150394271495,8921.504721207753,2565.8905436882783
16.916666666666664,10337.238648847748,-5476.2785172671665,8978.704966895428,2584.3096622119365
17.0,10411.20425497988,-5517.222431972408,9036.057950131159,2602.8010637449697
17.083333333333332,10485.4601278039,-5558.347582234838,9093.564078758618,2621.3650319509748
17.166666666666664,10560.007406426983,-5599.654770281784,9151.223761710522,2640.0018516067453
17.25,10634.847234426556,-5641.144801891581,9209.037409011527,2658.7118086066384
17.333333333333332,10709.980759867829,-5682.818486409281,9267.005431781143,2677.495189966957
17.416666666666664,10785.409135321432,-5724.676636762457,9325.128242236666,2696.3522838303575
17.5,10861.133517881077,-5766.720069477051,9383.406253696106,2715.2833794702688
17.583333333333332,10937.155069181306,-5808.949604693299,9441.839880581121,2734.288767295326
17.666666666666664,11013.474955415328,-5851.366066181739,9500.42953841997,2753.3687388538315
17.75,11090.094347352897,-5893.970281359277,9559.175643850473,2772.5235868382238
17.833333333333332,11167.014420358264,-5936.7630813053165,9618.078614622951,2791.7536050895656
17.916666666666664,11244.236354408229,-5979.7453007779895,9677.138869603228,2811.059088602057
18.0,11321.761334110226,-6022.917778230428,9736.35682877559,2830.440333527556
18.083333333333332,11399.590548720495,-6066.2813558271155,9795.732913245769,2849.897637180123
18.166666666666664,11477.725192162334,-6109.836879460328,9855.26754524395,2869.431298040583
18.25,11556.166463044414,-6153.585198766629,9914.961148127773,2889.041615761103
18.333333333333332,11634.915564679151,-6197.527167143437,9974.814146385326,2908.7288911697874
18.416666666666664,11713.973705101189,-6241.663641765681,10034.826965638184,2928.4934262752968
18.5,11793.342097085913,-6285.995483602523,10095.000032644428,2948.335524271478
18.583333333333332,11873.021958168054,-6330.523557434139,10155.333775301671,2968.255489542013
18.666666666666664,11953.01451066038,-6375.248731868606,10215.82862265012,2988.2536276650944
18.75,12033.32098167244,-6420.171879358838,10276.485004875613,3008.3302454181094
18.833333333333332,12113.942603129371,-6465.293876219597,10337.303353312673,3028.4856507823424
18.916666666666664,12194.88061179083,-6510.615602644602,10398.284100447592,3048.720152947707
19.0,12276.136249269939,-6556.1379427236925,10459.427679921499,3069.0340623174843
19.083333333333332,12357.710762052337,-6601.861784460066,10520.734526533433,3089.4276905130837
19.166666666666664,12439.605401515313,-6647.788019787615,10582.205076243454,3109.901350378828
19.25,12521.821423946994,-6693.917544588318,10643.839766175732,3130.4553559867477
19.333333333333332,12604.360090565606,-6740.2512587097135,10705.63903462165,3151.0900226414005
19.416666666666664,12687.222667538845,-6786.790065982458,10767.603321042936,3171.8056668847103
19.5,12770.410426003287,-6833.534874237958,10829.73306607478,3192.602606500821
19.583333333333332,12853.92464208388,-6880.4865953260705,10892.028711528958,3213.4811605209693
19.666666666666664,12937.76659691354,-6927.6461451329,10954.490700396991,3234.441649228384
19.75,13021.937576652788,-6975.014443598661,11017.11947685329,3255.484394163196
19.833333333333332,13106.43887250948,-7022.59241473562,11079.915486258298,3276.609718127369
19.916666666666664,13191.271780758625,-7070.380986646127,11142.879175161686,3297.8179451896553
20.0,13276.43760276227,-7118.381091540717,11206.01099130551,3319.1094006905664
20.083333333333332,13361.937644989443,-7166.593665756286,11269.311383627386,3340.4844112473597
20.166666666666664,13447.773219036222,-7215.019649774374,11332.780802263711,3361.9433047590546
20.25,13533.945641645845,-7263.659988239496,11396.419698552842,3383.4864104114604
20.333333333333332,13620.456234728894,-7312.515629977572,11460.228525038301,3405.114058682222
20.416666666666664,13707.306325383595,-7361.587528014442,11524.207735472019,3426.8265813458975
20.5,13794.497245916173,-7410.876639594453,11588.35778481754,3448.624311479042
20.583333333333332,13882.03033386127,-7460.383926199125,11652.679129253258,3470.507583465316
20.666666666666664,13969.90693200249,-7510.11035356592,11717.172226175675,3492.476733000621
20.75,14058.128388392986,-7560.056891707073,11781.837534202643,3514.5320970982452
20.833333333333332,14146.696056376128,-7610.224514928507,11846.675513176619,3536.6740140940306
20.916666666666664,14235.611294606284,-7660.614201848855,11911.68662416795,3558.9028236515696
21.0,14324.875467069656,-7711.226935418541,11976.871329478152,3581.2188667674127
21.083333333333332,14414.489943105189,-7762.063702938946,12042.23009264317,3603.622485776296
21.166666666666664,14504.456097425598,-7813.125496081685,12107.763378436714,3626.114024356398
21.25,14594.77531013845,-7864.413310907941,12173.471652873535,3648.693827534611
21.333333333333332,14685.448966767319,-7915.92814788789,12239.355383212749,3671.3622416918283
21.416666666666664,14776.478458273066,-7967.671011920232,12305.415037961162,3694.119614568265
21.5,14867.865181075167,-8019.642912351783,12371.651086876598,3716.9662952687904
21.583333333333332,14959.61053707312,-8071.844862997161,12438.064000971237,3739.9026342682787
21.666666666666664,15051.715933667972,-8124.277882158575,12504.65425251497,3762.9289834169917
21.75,15144.182783783905,-8176.942992645682,12571.422315038762,3786.045695945975
21.833333333333332,15237.012505889887,-8229.841221795532,12638.368663337997,3809.2531264724703
21.916666666666664,15330.206524021467,-8282.973601492622,12705.49377347588,3832.5516310053654
22.0,15423.7662678026,-8336.341168189017,12772.798122786817,3855.941566950649
22.083333333333332,15517.693172467574,-8389.944962924565,12840.28218987979,3879.423293116892
22.166666666666664,15611.988678883043,-8443.786031347212,12907.946454641786,3902.9971697207593
22.25,15706.65423357012,-8497.8654237334,12975.791398241197,3926.6635583925286
22.333333333333332,15801.691288726559,-8552.18419500854,13043.817503131237,3950.4228221816384
22.416666666666664,15897.101302249053,-8606.743404767612,13112.025253053383,3974.275325562262
22.5,15992.885737755589,-8661.544117295822,13180.415133040817,3998.221434438896
22.583333333333332,16089.046064607883,-8716.587401589357,13248.987629421856,4022.2615161519693
22.666666666666664,16185.58375793395,-8771.874331376253,13317.74322982343,4046.395939483486
22.75,16282.500298650719,-8827.405985137337,13386.68242317455,4070.6250746626783
22.833333333333332,16379.797173486737,-8883.183446127246,13455.805699709763,4094.949293371683
22.916666666666664,16477.475875005006,-8939.207802395586,13525.113550972661,4119.36896875125
23.0,16575.537901625856,-8995.480146808139,13594.606469819373,4143.884475406462
23.083333333333332,16673.984757649934,-9052.001577068182,13664.284950422052,4168.496189412482
23.166666666666664,16772.81795328129,-9108.773195737911,13734.149488272411,4193.204488320321
23.25,16872.03900465054,-9165.796110259938,13804.200580185241,4218.009751162634
23.333333333333332,16971.649433838113,-9223.071432978895,13874.438724301928,4242.912358459526
23.416666666666664,17071.650768897616,-9280.600281163137,13944.864420094018,4267.912692224402
23.5,17172.044543879278,-9338.383777026535,14015.478168366759,4293.011135969818
23.583333333333332,17272.83229885345,-9396.42304775036,14086.280471262651,4318.2080747133605
23.666666666666664,17374.015579934272,-9454.719225505287,14157.271832265042,4343.503894983566
23.75,17475.595939303374,-9513.273447473466,14228.452756201686,4368.898984825842
23.833333333333332,17577.574935233664,-9572.086855870704,14299.823749248339,4394.393733808414
23.916666666666664,17679.954132113275,-9631.16059796876,14371.385318932364,4419.988533028317
24.0,17782.735100469534,-9690.495826117713,14443.13797413634,4445.683775117382
24.083333333333332,17885.919416993056,-9750.09369776844,14515.082225101667,4471.479854248262
24.166666666666664,17989.508664561945,-9809.955375495203,14587.218583432214,4497.377166140484
24.25,18093.50443226607,-9870.082027018327,14659.547562097947,4523.376108066515
24.333333333333332,18197.908315431425,-9930.474825226962,14732.069675438568,4549.477078857854
24.416666666666664,18302.72191564463,-9991.134948201987,14804.785439167194,4575.680478911156
24.5,18407.94684077749,-10052.063579238975,14877.695370374007,4601.986710194371
24.583333333333332,18513.58470501164,-10113.261906871276,14950.799987529932,4628.396176252908
24.666666666666664,18619.637128863335,-10174.731124893207,15024.099810490334,4654.909282215832
24.75,18726.1057392083,-10236.472432383345,15097.59536049871,4681.526434802073
24.833333333333332,18832.99216930667,-10298.487033727895,15171.287160190388,4708.248042326666
24.916666666666664,18940.29805882808,-10360.77613864421,15245.175733596256,4735.074514707018
25.0,19048.025053876787,-10423.340962204376,15319.261606146483,4762.006263469195
25.083333333333332,19156.174807016923,-10486.18272485891,15393.545304674248,4789.043701754229
25.166666666666664,19264.748977297866,-10549.302652460581,15468.0273574195,4816.187244324465
25.25,19373.749230279685,-10612.701976288312,15542.70829403271,4843.4373075699195
25.333333333333332,19483.177238058666,-10676.381933071198,15617.588645578622,4870.794309514665
25.416666666666664,19593.034679292996,-10740.343765012638,15692.668944540057,4898.258669823247
25.5,19703.323239228495,-10804.588719814567,15767.949724821683,4925.830809807122
25.583333333333332,19814.044609724464,-10869.11805070178,15843.431521753802,4953.511152431114
25.666666666666664,19925.200489279658,-10933.933016446399,15919.114872096183,4981.300122319913
25.75,20036.79258305833,-10999.03488139242,15995.000314041858,5009.198145764581
25.833333333333332,20148.822602916378,-11064.42491548036,16071.088387220952,5037.205650729093
25.916666666666664,20261.292267427627,-11130.10439427206,16147.379632704531,5065.323066856905
26.0,20374.20330191018,-11196.07459897555,16223.874593008444,5093.550825477543
26.083333333333332,20487.557438452877,-11262.336816470035,16300.573812097167,5121.8893596132175
26.166666666666664,20601.356415941886,-11328.892339331012,16377.477835387697,5150.33910398547
26.25,20715.60198008737,-11395.742465855483,16454.587209753416,5178.9004950218405
26.333333333333332,20830.295883450246,-11462.888500087265,16531.90248352797,5207.57397086256
26.416666666666664,20945.43988546911,-11530.331751842452,16609.424206509193,5236.359971367276
26.5,21061.035752487198,-11598.073536734948,16687.152929963,5265.258938121798
26.583333333333332,21177.085257779476,-11666.11517620213,16765.089206627297,5294.271314444867
26.666666666666664,21293.59018157987,-11734.457997530642,16843.233590715943,5323.397545394966
26.75,21410.55231110857,-11803.10333388227,16921.586637922668,5352.638077777141
26.833333333333332,21527.973440599413,-11872.05252431995,17000.14890542502,5381.9933601498515
26.916666666666664,21645.855371327445,-11941.306913833896,17078.920951888344,5411.463842831859
27.0,21764.19991163655,-12010.867853367838,17157.903337469754,5441.049977909136
27.083333333333332,21883.00887696716,-12080.736699845356,17237.096623822094,5470.752219241788
27.166666666666664,22002.28408988414,-12150.914816196379,17316.50137409796,5500.571022471033
27.25,22122.02738010473,-12221.40357138375,17396.118152953688,5530.506845026181
27.333333333333332,22242.240584526608,-12292.204340429927,17475.947526553373,5560.56014613165
27.416666666666664,22362.92554725608,-12363.318504443832,17555.9900625729,5590.731386814018
27.5,22484.084119636373,-12434.747450647767,17636.246330203972,5621.021029909091
27.583333333333332,22605.718160276003,-12506.492572404475,17716.71690015816,5651.429540068999
27.666666666666664,22727.829535077337,-12578.55526924434,17797.402344670973,5681.957383769332
27.75,22850.42011726518,-12650.936946892674,17878.303237505912,5712.605029316293
27.833333333333332,22973.49178741551,-12723.63901729713,17959.420153958552,5743.372946853876
27.916666666666664,23097.046433484353,-12796.662898655264,18040.753670860642,5774.261608371086
28.0,23221.08595083673,-12870.010015442194,18122.304366584205,5805.27148770918
28.083333333333332,23345.61224227571,-12943.68179843837,18204.072821045636,5836.403060568926
28.166666666666664,23470.627218071648,-13017.679684757511,18286.059615709848,5867.65680451791
28.25,23596.132795991452,-13092.005117874623,18368.265333594394,5899.033198997861
28.333333333333332,23722.130901328,-13166.659547654152,18450.69055927361,5930.532725331998
28.416666666666664,23848.62346692971,-13241.64443037828,18533.335878882786,5962.155866732425
28.5,23975.61243323015,-13316.96122877533,18616.20188012232,5993.903108307536
28.583333333333332,24103.099748277826,-13392.611412048289,18699.2891522619,6025.774937069455
28.666666666666664,24231.087367766064,-13468.596455903478,18782.5982861447,6057.771841941514
28.75,24359.577255063017,-13544.917842579342,18866.12987419159,6089.8943137657525
28.833333333333332,24488.57138124176,-13621.577060875341,18949.88451040531,6122.142845310438
28.916666666666664,24618.07172511055,-13698.575606181024,19033.862790374747,6154.517931277635
29.0,24748.08027324318,-13775.914980505182,19118.065311279137,6187.020068310793
29.083333333333332,24878.599020009435,-13853.596692505138,19202.492671892305,6219.649755002357
29.166666666666664,25009.629967605706,-13931.6222575162,19287.14547258696,6252.407491901425
29.25,25141.1751260857,-14009.993197581203,19372.024315338927,6285.293781521424
29.333333333333332,25273.236513391264,-14088.711041480205,19457.12980373144,6318.309128347814
29.416666666666664,25405.816155383352,-14167.77732476031,19542.46254295945,6351.454038845836
29.5,25538.91608587311,-14247.193589765626,19628.023139833902,6384.729021468275
29.583333333333332,25672.538346653037,-14326.961385667333,19713.812202786066,6418.134586663257
29.666666666666664,25806.68498752836,-14407.082268493927,19799.830341871868,6451.671246882088
29.75,25941.35806634845,-14487.557801161562,19886.078168776214,6485.339516587111
29.833333333333332,26076.559649038376,-14568.389553504527,19972.556296817344,6519.139912259592
29.916666666666664,26212.291809630628,-14649.579102305892,20059.2653409512,6553.072952407655
30.0,26348.556630296916,-14731.128031328253,20146.2059177758,6587.139157574227
